case,score
0,0.6176337003707886
1,0.7484987378120422
2,0.7405668497085571
3,0.8590343594551086
4,0.644111692905426
5,0.9186735153198242
6,0.9429847002029419
7,0.9462426900863647
8,0.953783392906189
9,0.8600958585739136
10,0.8712791204452515
11,0.8860247731208801
12,0.6185619235038757
13,0.8987205028533936
14,0.9385671615600586
15,0.8600243926048279
16,0.6696282625198364
17,0.5314487814903259
18,0.8021540641784668
19,0.8280895948410034
